combo,macro_f1,accuracy,delta_vs_baseline
regex   + lexicon,0.6933333333333334,0.6933333333333334,0.0
spacy   + lexicon,0.6666666666666666,0.6666666666666666,-0.026666666666666727
regex   + transformer,0.6598639455782312,0.66,-0.03346938775510211
spacy   + transformer,0.6331866079765239,0.6333333333333333,-0.06014672535680943
